True,data,model_name,MAE,R2
0,df,Ridge,11480693.578978604,0.44677646933831017
1,df,XGB_HPT,2640711.18007097,0.9320896490381041
